Label,Group,Timepoint,Replicate,Technical
OR8_0min_A1,Control,0,1,1
OR8_0min_A2,Control,0,1,2
OR8_0min_A3,Control,0,1,3
OR8_0min_B1,Control,0,2,1
OR8_0min_B2,Control,0,2,2
OR8_0min_B3,Control,0,2,3
OR8_0min_C1,Control,0,3,1
OR8_0min_C2,Control,0,3,2
OR8_0min_C3,Control,0,3,3
OR8_10min_A1,PGE2,10,1,1
OR8_10min_A2,PGE2,10,1,2
OR8_10min_A3,PGE2,10,1,3
OR8_10min_B1,PGE2,10,2,1
OR8_10min_B2,PGE2,10,2,2
OR8_10min_B3,PGE2,10,2,3
OR8_10min_C1,PGE2,10,3,1
OR8_10min_C2,PGE2,10,3,2
OR8_10min_C3,PGE2,10,3,3
OR8_5min_A1,PGE2,5,1,1
OR8_5min_A2,PGE2,5,1,2
OR8_5min_A3,PGE2,5,1,3
OR8_5min_B1,PGE2,5,2,1
OR8_5min_B2,PGE2,5,2,2
OR8_5min_B3,PGE2,5,2,3
OR8_5min_C1,PGE2,5,3,1
OR8_5min_C2,PGE2,5,3,2
OR8_5min_C3,PGE2,5,3,3
OR8_60min_B2,PGE2,60,2,2
OR8_60min_B3,PGE2,60,2,3
OR8_60min_C1,PGE2,60,3,1
OR8_60min_C3,PGE2,60,3,3
OR8_20min_A1,PGE2,20,1,1
OR8_20min_A2,PGE2,20,1,2
OR8_20min_A3,PGE2,20,1,3
OR8_20min_B1,PGE2,20,2,1
OR8_20min_B2,PGE2,20,2,2
OR8_20min_B3,PGE2,20,2,3
OR8_20min_C1,PGE2,20,3,1
OR8_20min_C2,PGE2,20,3,2
OR8_30min_A1,PGE2,30,1,1
OR8_30min_A2,PGE2,30,1,2
OR8_30min_A3,PGE2,30,1,3
OR8_30min_B1,PGE2,30,2,1
OR8_30min_B2,PGE2,30,2,2
OR8_30min_B3,PGE2,30,2,3
OR8_30min_C1,PGE2,30,3,1
OR8_30min_C2,PGE2,30,3,2
OR8_30min_C3,PGE2,30,3,3
OR8_60min_A1,PGE2,60,1,1
OR8_60min_A2,PGE2,60,1,2
OR8_60min_A3,PGE2,60,1,3
OR9_0min_A1,Control,0,1,4
OR9_0min_A2,Control,0,1,5
OR9_0min_A3,Control,0,1,6
OR9_0min_B1,Control,0,2,4
OR9_0min_B2,Control,0,2,5
OR9_0min_B3,Control,0,2,6
OR9_0min_C1,Control,0,3,4
OR9_0min_C2,Control,0,3,5
OR9_0min_C3,Control,0,3,6
OR9_10min_A1,PGE2,10,1,4
OR9_10min_A2,PGE2,10,1,5
OR9_10min_A3,PGE2,10,1,6
OR9_10min_B1,PGE2,10,2,4
OR9_10min_B2,PGE2,10,2,5
OR9_10min_B3,PGE2,10,2,6
OR9_10min_C1,PGE2,10,3,4
OR9_10min_C2,PGE2,10,3,5
OR9_10min_C3,PGE2,10,3,6
OR9_20min_A1,PGE2,20,1,4
OR9_20min_A2,PGE2,20,1,5
OR9_20min_A3,PGE2,20,1,6
OR9_20min_B1,PGE2,20,2,4
OR9_20min_B2,PGE2,20,2,5
OR9_20min_B3,PGE2,20,2,6
OR9_20min_C1,PGE2,20,3,4
OR9_20min_C2,PGE2,20,3,5
OR9_30min_A1,PGE2,30,1,4
OR9_30min_A2,PGE2,30,1,5
OR9_30min_A3,PGE2,30,1,6
OR9_30min_B1,PGE2,30,2,4
OR9_30min_B2,PGE2,30,2,5
OR9_30min_B3,PGE2,30,2,6
OR9_30min_C1,PGE2,30,3,4
OR9_30min_C2,PGE2,30,3,5
OR9_30min_C3,PGE2,30,3,6
OR9_5min_A1,PGE2,5,1,4
OR9_5min_A2,PGE2,5,1,5
OR9_5min_A3,PGE2,5,1,6
OR9_5min_B1,PGE2,5,2,4
OR9_5min_B2,PGE2,5,2,5
OR9_5min_B3,PGE2,5,2,6
OR9_5min_C1,PGE2,5,3,4
OR9_5min_C2,PGE2,5,3,5
OR9_5min_C3,PGE2,5,3,6
OR9_60min_A1,PGE2,60,1,4
OR9_60min_A2,PGE2,60,1,5
OR9_60min_A3,PGE2,60,1,6
OR9_60min_B2,PGE2,60,2,5
OR9_60min_B3,PGE2,60,2,6
OR9_60min_C1,PGE2,60,3,4
OR9_60min_C3,PGE2,60,3,6
